{"count": 11, "results": [{"id": 1, "chal": 1, "type": "static", "flag": "ASTARISBOARN", "data": null}, {"id": 2, "chal": 2, "type": "static", "flag": "TheyCallMeThePhaseBeast", "data": null}, {"id": 3, "chal": 3, "type": "static", "flag": "ZombieProcessesWillEatYourBrains", "data": null}, {"id": 4, "chal": 4, "type": "static", "flag": "At least it wasnt full of Creepers", "data": null}, {"id": 5, "chal": 5, "type": "static", "flag": "The Drunken Master can bear any trial", "data": null}, {"id": 6, "chal": 6, "type": "static", "flag": "Thy_foe_b31ng_n4ughty_1n_My_s1ght_shall_snuff_it", "data": null}, {"id": 7, "chal": 7, "type": "static", "flag": "Real pirates use Z3 not a cutlass", "data": null}, {"id": 8, "chal": 8, "type": "static", "flag": "LOADALL", "data": null}, {"id": 9, "chal": 9, "type": "static", "flag": "AdBlockedHaveASillyMooseAnyway", "data": null}, {"id": 10, "chal": 10, "type": "static", "flag": "Use a Tab, Space will leave you breathless", "data": null}, {"id": 11, "chal": 11, "type": "static", "flag": "Cave Johnson hates Black Mesa", "data": null}], "meta": {}}