{"count": 7, "results": [{"id": 1, "name": "Unbearable Revenge", "description": "Available in Pwn Adventure 3", "max_attempts": 0, "value": 200, "category": "Choose your Pwn Adventure 3", "type": "standard", "hidden": false}, {"id": 2, "name": "Until the Cows Come Home", "description": "Available in Pwn Adventure 3", "max_attempts": 0, "value": 100, "category": "Choose your Pwn Adventure 3", "type": "standard", "hidden": false}, {"id": 3, "name": "Overachiever", "description": "Available in Pwn Adventure 3", "max_attempts": 0, "value": 200, "category": "Choose your Pwn Adventure 3", "type": "standard", "hidden": false}, {"id": 4, "name": "Egghunter", "description": "Available in Pwn Adventure 3", "max_attempts": 0, "value": 250, "category": "Choose your Pwn Adventure 3", "type": "standard", "hidden": false}, {"id": 5, "name": "Pirate's Treasure", "description": "Available in Pwn Adventure 3", "max_attempts": 0, "value": 500, "category": "Choose your Pwn Adventure 3", "type": "standard", "hidden": false}, {"id": 6, "name": "Fire and Ice", "description": "Available in Pwn Adventure 3", "max_attempts": 0, "value": 300, "category": "Choose your Pwn Adventure 3", "type": "standard", "hidden": false}, {"id": 7, "name": "Blocky's Revenge", "description": "Available in Pwn Adventure 3", "max_attempts": 0, "value": 400, "category": "Choose your Pwn Adventure", "type": "standard", "hidden": false}], "meta": {}}