{"count": 7, "results": [{"id": 1, "chal": 1, "type": "static", "flag": "They couldnt bear the sight of you", "data": null}, {"id": 2, "chal": 2, "type": "static", "flag": "I shouldve used dynamic link", "data": null}, {"id": 3, "chal": 3, "type": "static", "flag": "Achievement Unlocked Red Ring of Death", "data": null}, {"id": 4, "chal": 4, "type": "static", "flag": "The fortress of Anorak is all yours", "data": null}, {"id": 5, "chal": 5, "type": "static", "flag": "Avast! Ya got my arrrr es eh", "data": null}, {"id": 6, "chal": 6, "type": "static", "flag": "Some bosses just roll over and die", "data": null}, {"id": 7, "chal": 7, "type": "static", "flag": "It may glow red but its not stone", "data": null}], "meta": {}}